query,n_relevant,bm25,bge-m3.dense,bge-m3.rrf,bge-m3.lextm,bge-m3.lextm_noadapt,bge-m3.lda_route,bge-m3.topic_only,bge-m3.lextm_g0.5,bge-m3.lextm_g0.6,bge-m3.lextm_g0.8,bge-m3.lextm_g0.9,bge-m3.lextm_t0.5,qwen3-0.6b.dense,qwen3-0.6b.rrf,qwen3-0.6b.lextm,qwen3-0.6b.lextm_noadapt,qwen3-0.6b.lda_route,qwen3-0.6b.topic_only,qwen3-0.6b.lextm_g0.5,qwen3-0.6b.lextm_g0.6,qwen3-0.6b.lextm_g0.8,qwen3-0.6b.lextm_g0.9,qwen3-0.6b.lextm_t0.5,m3.sparse,m3.multivector,m3.all
临床症状： 感冒。,188,1.000000,1.000000,1.000000,1.000000,1.000000,1.000000,1.000000,1.000000,1.000000,1.000000,1.000000,1.000000,1.000000,1.000000,1.000000,1.000000,1.000000,1.000000,1.000000,1.000000,1.000000,1.000000,1.000000,1.000000,1.000000,1.000000
"临床症状： 花粉症, 鼻涕。",165,1.000000,1.000000,1.000000,1.000000,1.000000,1.000000,0.500000,0.500000,1.000000,1.000000,1.000000,1.000000,1.000000,1.000000,1.000000,1.000000,1.000000,0.500000,0.500000,1.000000,1.000000,1.000000,1.000000,1.000000,1.000000,1.000000
"临床症状： 花粉症, 发烧, 鼻涕。",31,1.000000,1.000000,1.000000,1.000000,1.000000,1.000000,1.000000,1.000000,1.000000,1.000000,1.000000,1.000000,1.000000,1.000000,1.000000,1.000000,1.000000,1.000000,1.000000,1.000000,1.000000,1.000000,1.000000,1.000000,1.000000,1.000000
临床症状： 鼻涕。,154,1.000000,1.000000,1.000000,1.000000,1.000000,1.000000,1.000000,1.000000,1.000000,1.000000,1.000000,1.000000,1.000000,1.000000,1.000000,1.000000,1.000000,1.000000,1.000000,1.000000,1.000000,1.000000,1.000000,0.250000,1.000000,1.000000
无特定症状。,725,1.000000,1.000000,1.000000,1.000000,1.000000,1.000000,1.000000,1.000000,1.000000,1.000000,1.000000,1.000000,1.000000,1.000000,1.000000,1.000000,1.000000,1.000000,1.000000,1.000000,1.000000,1.000000,1.000000,1.000000,1.000000,1.000000
临床症状： 咳嗽。,249,1.000000,1.000000,1.000000,1.000000,1.000000,1.000000,1.000000,1.000000,1.000000,1.000000,1.000000,1.000000,1.000000,1.000000,1.000000,1.000000,1.000000,1.000000,1.000000,1.000000,1.000000,1.000000,1.000000,0.500000,1.000000,1.000000
"临床症状： 发烧, 感冒。",26,1.000000,0.500000,1.000000,1.000000,1.000000,1.000000,1.000000,1.000000,1.000000,1.000000,0.500000,1.000000,1.000000,1.000000,1.000000,1.000000,1.000000,1.000000,1.000000,1.000000,1.000000,1.000000,1.000000,0.250000,1.000000,0.500000
"临床症状： 咳嗽, 头痛。",11,1.000000,1.000000,1.000000,1.000000,1.000000,1.000000,1.000000,1.000000,1.000000,1.000000,1.000000,1.000000,1.000000,1.000000,1.000000,1.000000,1.000000,1.000000,1.000000,1.000000,1.000000,1.000000,1.000000,0.500000,1.000000,1.000000
"临床症状： 花粉症, 发烧, 鼻涕, 感冒。",5,1.000000,0.333333,1.000000,0.500000,0.500000,0.500000,0.500000,0.500000,0.500000,1.000000,1.000000,0.500000,0.166667,0.500000,1.000000,1.000000,1.000000,0.500000,0.500000,0.500000,0.500000,0.500000,1.000000,0.500000,1.000000,0.500000
临床症状： 头痛。,255,1.000000,1.000000,1.000000,1.000000,1.000000,1.000000,1.000000,1.000000,1.000000,1.000000,1.000000,1.000000,1.000000,1.000000,1.000000,1.000000,1.000000,1.000000,1.000000,1.000000,1.000000,1.000000,1.000000,1.000000,1.000000,1.000000
"临床症状： 咳嗽, 发烧。",26,1.000000,1.000000,1.000000,1.000000,1.000000,1.000000,1.000000,1.000000,1.000000,1.000000,1.000000,1.000000,1.000000,1.000000,1.000000,1.000000,1.000000,1.000000,1.000000,1.000000,1.000000,1.000000,1.000000,0.333333,1.000000,1.000000
"临床症状： 头痛, 感冒。",23,1.000000,1.000000,1.000000,1.000000,1.000000,1.000000,0.125000,1.000000,1.000000,1.000000,1.000000,1.000000,1.000000,1.000000,1.000000,1.000000,1.000000,0.125000,1.000000,1.000000,1.000000,1.000000,1.000000,0.500000,1.000000,1.000000
"临床症状： 流感, 发烧。",129,1.000000,1.000000,1.000000,1.000000,1.000000,1.000000,1.000000,0.500000,1.000000,1.000000,1.000000,1.000000,1.000000,1.000000,1.000000,1.000000,1.000000,1.000000,1.000000,1.000000,1.000000,1.000000,1.000000,1.000000,1.000000,1.000000
临床症状： 腹泻。,231,1.000000,1.000000,1.000000,1.000000,1.000000,1.000000,1.000000,1.000000,1.000000,1.000000,1.000000,1.000000,1.000000,1.000000,1.000000,1.000000,1.000000,1.000000,1.000000,1.000000,1.000000,1.000000,1.000000,1.000000,1.000000,1.000000
"临床症状： 头痛, 鼻涕。",15,0.500000,1.000000,1.000000,1.000000,1.000000,1.000000,1.000000,1.000000,1.000000,1.000000,1.000000,1.000000,1.000000,1.000000,1.000000,1.000000,1.000000,1.000000,1.000000,1.000000,1.000000,1.000000,1.000000,0.500000,1.000000,1.000000
临床症状： 发烧。,174,1.000000,1.000000,1.000000,1.000000,1.000000,1.000000,1.000000,1.000000,1.000000,1.000000,1.000000,1.000000,1.000000,1.000000,1.000000,1.000000,1.000000,1.000000,1.000000,1.000000,1.000000,1.000000,1.000000,1.000000,1.000000,1.000000
"临床症状： 发烧, 鼻涕。",18,1.000000,1.000000,1.000000,1.000000,1.000000,1.000000,1.000000,1.000000,1.000000,1.000000,1.000000,1.000000,1.000000,1.000000,1.000000,1.000000,1.000000,1.000000,1.000000,1.000000,1.000000,1.000000,1.000000,0.500000,1.000000,1.000000
"临床症状： 咳嗽, 感冒。",3,1.000000,1.000000,1.000000,1.000000,1.000000,1.000000,0.333333,1.000000,1.000000,1.000000,1.000000,1.000000,1.000000,1.000000,1.000000,1.000000,1.000000,0.333333,0.500000,1.000000,1.000000,1.000000,1.000000,0.111111,1.000000,1.000000
"临床症状： 鼻涕, 感冒。",76,1.000000,1.000000,1.000000,1.000000,1.000000,1.000000,1.000000,1.000000,1.000000,1.000000,1.000000,1.000000,1.000000,1.000000,1.000000,1.000000,1.000000,1.000000,1.000000,1.000000,1.000000,1.000000,1.000000,1.000000,1.000000,1.000000
"临床症状： 咳嗽, 发烧, 感冒。",6,1.000000,1.000000,1.000000,1.000000,1.000000,1.000000,1.000000,1.000000,1.000000,1.000000,1.000000,1.000000,1.000000,1.000000,1.000000,1.000000,1.000000,1.000000,1.000000,1.000000,1.000000,1.000000,1.000000,1.000000,1.000000,1.000000
"临床症状： 头痛, 鼻涕, 感冒。",12,1.000000,0.333333,1.000000,0.500000,0.500000,0.500000,1.000000,0.500000,0.500000,0.500000,0.333333,0.500000,1.000000,1.000000,1.000000,1.000000,1.000000,1.000000,0.500000,1.000000,1.000000,1.000000,1.000000,0.333333,1.000000,0.500000
"临床症状： 花粉症, 咳嗽, 鼻涕。",2,0.500000,0.333333,1.000000,1.000000,1.000000,1.000000,1.000000,1.000000,1.000000,1.000000,1.000000,1.000000,0.250000,1.000000,1.000000,1.000000,1.000000,1.000000,1.000000,1.000000,1.000000,0.333333,1.000000,1.000000,1.000000,1.000000
"临床症状： 咳嗽, 发烧, 鼻涕。",1,0.333333,0.066667,0.200000,0.142857,0.142857,0.166667,0.142857,1.000000,0.200000,0.111111,0.100000,0.166667,0.142857,1.000000,0.200000,0.200000,0.250000,0.142857,0.500000,0.333333,0.200000,0.142857,0.250000,1.000000,0.111111,0.333333
"临床症状： 头痛, 发烧。",2,1.000000,1.000000,1.000000,1.000000,1.000000,1.000000,0.000000,1.000000,1.000000,1.000000,1.000000,1.000000,1.000000,1.000000,1.000000,1.000000,1.000000,0.000000,1.000000,1.000000,1.000000,1.000000,1.000000,1.000000,1.000000,1.000000
"临床症状： 咳嗽, 头痛, 感冒。",3,1.000000,0.500000,0.500000,0.500000,0.500000,0.500000,0.500000,0.500000,0.500000,0.500000,0.500000,0.500000,0.200000,0.333333,0.500000,0.500000,0.500000,0.500000,0.500000,0.500000,0.250000,0.200000,0.500000,0.500000,0.500000,0.500000
"临床症状： 腹泻, 发烧, 鼻涕。",6,1.000000,1.000000,1.000000,1.000000,1.000000,1.000000,1.000000,1.000000,1.000000,1.000000,1.000000,1.000000,1.000000,1.000000,1.000000,1.000000,1.000000,1.000000,1.000000,1.000000,1.000000,1.000000,1.000000,1.000000,1.000000,1.000000
"临床症状： 头痛, 发烧, 鼻涕。",1,1.000000,0.058824,0.250000,0.200000,0.200000,0.166667,0.333333,0.500000,0.250000,0.142857,0.100000,0.166667,0.250000,1.000000,0.500000,0.500000,0.333333,0.333333,1.000000,1.000000,0.333333,0.333333,0.333333,0.000000,0.500000,0.090909
"临床症状： 咳嗽, 头痛, 鼻涕, 感冒。",3,1.000000,1.000000,1.000000,1.000000,1.000000,1.000000,1.000000,1.000000,1.000000,1.000000,1.000000,1.000000,1.000000,1.000000,1.000000,1.000000,1.000000,1.000000,1.000000,1.000000,1.000000,1.000000,1.000000,1.000000,1.000000,1.000000
临床症状： 花粉症。,1,0.000000,0.000000,0.000000,0.000000,0.000000,0.000000,0.500000,0.000000,0.000000,0.000000,0.000000,0.000000,0.000000,0.000000,0.000000,0.000000,0.000000,0.500000,0.000000,0.000000,0.000000,0.000000,0.000000,0.000000,0.000000,0.000000
"临床症状： 腹泻, 发烧。",6,1.000000,0.500000,1.000000,1.000000,1.000000,1.000000,1.000000,1.000000,1.000000,0.500000,0.500000,1.000000,1.000000,1.000000,1.000000,1.000000,1.000000,1.000000,1.000000,1.000000,1.000000,1.000000,1.000000,0.250000,1.000000,0.500000
"临床症状： 花粉症, 鼻涕, 感冒。",4,0.500000,0.250000,0.500000,0.500000,0.500000,0.500000,0.500000,0.500000,0.500000,0.500000,0.500000,0.500000,0.250000,1.000000,1.000000,1.000000,1.000000,0.500000,1.000000,1.000000,1.000000,1.000000,1.000000,0.333333,0.333333,0.500000
"临床症状： 腹泻, 发烧, 感冒。",1,0.000000,0.000000,0.000000,0.000000,0.000000,0.000000,0.500000,0.000000,0.000000,0.000000,0.000000,0.000000,0.100000,0.166667,0.250000,0.250000,0.333333,0.500000,1.000000,1.000000,0.166667,0.100000,0.333333,0.000000,0.000000,0.000000
"临床症状： 头痛, 发烧, 感冒。",2,0.142857,0.250000,0.333333,1.000000,1.000000,1.000000,0.500000,1.000000,1.000000,1.000000,0.500000,1.000000,0.250000,0.333333,1.000000,1.000000,1.000000,0.500000,1.000000,1.000000,0.500000,0.250000,1.000000,1.000000,1.000000,1.000000
"临床症状： 发烧, 鼻涕, 感冒。",1,0.250000,0.200000,1.000000,1.000000,1.000000,1.000000,0.125000,1.000000,1.000000,0.333333,0.333333,1.000000,0.200000,1.000000,1.000000,1.000000,1.000000,0.125000,1.000000,1.000000,0.250000,0.250000,1.000000,1.000000,1.000000,1.000000
"临床症状： 流感, 咳嗽, 发烧。",1,1.000000,0.000000,1.000000,0.200000,0.200000,0.200000,1.000000,1.000000,0.500000,0.090909,0.071429,0.200000,0.000000,0.166667,0.090909,0.090909,0.111111,1.000000,1.000000,0.250000,0.055556,0.000000,0.100000,0.071429,0.500000,0.111111
"临床症状： 腹泻, 鼻涕。",1,0.000000,0.000000,0.000000,0.111111,0.111111,0.100000,1.000000,1.000000,0.250000,0.058824,0.000000,0.076923,0.500000,0.062500,1.000000,1.000000,1.000000,1.000000,1.000000,1.000000,1.000000,1.000000,1.000000,0.250000,0.111111,0.125000
"临床症状： 腹泻, 发烧, 鼻涕, 感冒。",1,0.333333,0.111111,0.250000,0.200000,0.200000,0.200000,1.000000,0.500000,0.250000,0.166667,0.166667,0.200000,0.200000,0.250000,0.200000,0.200000,0.200000,1.000000,1.000000,0.333333,0.200000,0.200000,0.200000,0.250000,0.200000,0.166667
"临床症状： 花粉症, 咳嗽, 发烧, 鼻涕, 感冒。",1,0.000000,0.000000,0.058824,0.083333,0.083333,0.083333,0.500000,0.200000,0.111111,0.071429,0.052632,0.083333,0.000000,0.000000,0.066667,0.062500,0.066667,0.500000,0.200000,0.142857,0.052632,0.000000,0.076923,0.250000,0.111111,0.090909
"临床症状： 咳嗽, 头痛, 鼻涕。",1,0.000000,0.000000,0.000000,0.000000,0.000000,0.000000,1.000000,0.000000,0.000000,0.000000,0.000000,0.000000,0.200000,0.250000,0.333333,0.333333,0.500000,1.000000,1.000000,0.500000,0.333333,0.250000,0.500000,0.000000,0.000000,0.000000
