query,n_relevant,bm25,bge-m3.dense,bge-m3.rrf,bge-m3.lextm,bge-m3.lextm_noadapt,bge-m3.lda_route,bge-m3.topic_only,bge-m3.lextm_g0.5,bge-m3.lextm_g0.6,bge-m3.lextm_g0.8,bge-m3.lextm_g0.9,bge-m3.lextm_t0.5,qwen3-0.6b.dense,qwen3-0.6b.rrf,qwen3-0.6b.lextm,qwen3-0.6b.lextm_noadapt,qwen3-0.6b.lda_route,qwen3-0.6b.topic_only,qwen3-0.6b.lextm_g0.5,qwen3-0.6b.lextm_g0.6,qwen3-0.6b.lextm_g0.8,qwen3-0.6b.lextm_g0.9,qwen3-0.6b.lextm_t0.5,m3.sparse,m3.multivector,m3.all,splade
Patient symptoms: Cold.,188,1.000000,1.000000,1.000000,1.000000,1.000000,1.000000,1.000000,1.000000,1.000000,1.000000,1.000000,1.000000,1.000000,1.000000,1.000000,1.000000,1.000000,1.000000,1.000000,1.000000,1.000000,1.000000,1.000000,1.000000,1.000000,1.000000,1.000000
"Patient symptoms: Hayfever, Runnynose.",165,1.000000,1.000000,1.000000,1.000000,1.000000,1.000000,1.000000,1.000000,1.000000,1.000000,1.000000,1.000000,1.000000,1.000000,1.000000,1.000000,1.000000,1.000000,1.000000,1.000000,1.000000,1.000000,1.000000,1.000000,1.000000,1.000000,1.000000
"Patient symptoms: Hayfever, Fever, Runnynose.",31,1.000000,1.000000,1.000000,1.000000,1.000000,1.000000,0.500000,1.000000,1.000000,1.000000,1.000000,1.000000,1.000000,1.000000,1.000000,1.000000,1.000000,0.500000,1.000000,1.000000,1.000000,1.000000,1.000000,1.000000,1.000000,1.000000,1.000000
Patient symptoms: Runnynose.,154,0.200000,1.000000,1.000000,1.000000,1.000000,1.000000,1.000000,1.000000,1.000000,1.000000,1.000000,1.000000,1.000000,1.000000,1.000000,1.000000,1.000000,1.000000,1.000000,1.000000,1.000000,1.000000,1.000000,1.000000,1.000000,1.000000,1.000000
Routine health status.,725,1.000000,1.000000,1.000000,1.000000,1.000000,1.000000,1.000000,1.000000,1.000000,1.000000,1.000000,1.000000,1.000000,1.000000,1.000000,1.000000,1.000000,1.000000,1.000000,1.000000,1.000000,1.000000,1.000000,1.000000,1.000000,1.000000,1.000000
Patient symptoms: Cough.,249,1.000000,1.000000,1.000000,1.000000,1.000000,1.000000,1.000000,1.000000,1.000000,1.000000,1.000000,1.000000,1.000000,1.000000,1.000000,1.000000,1.000000,1.000000,1.000000,1.000000,1.000000,1.000000,1.000000,1.000000,1.000000,1.000000,1.000000
"Patient symptoms: Fever, Cold.",26,0.200000,1.000000,0.250000,1.000000,1.000000,1.000000,0.333333,1.000000,1.000000,1.000000,1.000000,1.000000,0.500000,0.333333,0.333333,0.333333,0.333333,0.333333,0.333333,0.333333,0.333333,0.333333,0.333333,0.166667,1.000000,1.000000,1.000000
"Patient symptoms: Cough, Headache.",11,0.500000,1.000000,1.000000,1.000000,1.000000,1.000000,1.000000,1.000000,1.000000,1.000000,1.000000,1.000000,1.000000,1.000000,1.000000,1.000000,1.000000,1.000000,1.000000,1.000000,1.000000,1.000000,1.000000,1.000000,1.000000,1.000000,1.000000
"Patient symptoms: Hayfever, Fever, Runnynose, Cold.",5,1.000000,0.500000,1.000000,1.000000,1.000000,1.000000,1.000000,1.000000,1.000000,1.000000,1.000000,1.000000,0.333333,1.000000,1.000000,1.000000,1.000000,1.000000,1.000000,1.000000,0.333333,0.333333,1.000000,1.000000,1.000000,1.000000,1.000000
Patient symptoms: Headache.,255,1.000000,1.000000,1.000000,1.000000,1.000000,1.000000,1.000000,1.000000,1.000000,1.000000,1.000000,1.000000,1.000000,1.000000,1.000000,1.000000,1.000000,1.000000,1.000000,1.000000,1.000000,1.000000,1.000000,1.000000,1.000000,1.000000,1.000000
"Patient symptoms: Cough, Fever.",26,1.000000,0.500000,1.000000,1.000000,1.000000,1.000000,1.000000,1.000000,1.000000,1.000000,1.000000,1.000000,1.000000,1.000000,1.000000,1.000000,1.000000,1.000000,1.000000,1.000000,1.000000,1.000000,1.000000,0.142857,1.000000,0.500000,1.000000
"Patient symptoms: Headache, Cold.",23,1.000000,1.000000,1.000000,1.000000,1.000000,1.000000,1.000000,1.000000,1.000000,1.000000,1.000000,1.000000,1.000000,1.000000,1.000000,1.000000,1.000000,1.000000,1.000000,1.000000,1.000000,1.000000,1.000000,1.000000,1.000000,1.000000,1.000000
"Patient symptoms: Influenza, Fever.",129,1.000000,1.000000,1.000000,1.000000,1.000000,1.000000,1.000000,1.000000,1.000000,1.000000,1.000000,1.000000,1.000000,1.000000,1.000000,1.000000,1.000000,1.000000,1.000000,1.000000,1.000000,1.000000,1.000000,1.000000,1.000000,1.000000,1.000000
Patient symptoms: Diarrhea.,231,1.000000,1.000000,1.000000,1.000000,1.000000,1.000000,1.000000,1.000000,1.000000,1.000000,1.000000,1.000000,1.000000,1.000000,1.000000,1.000000,1.000000,1.000000,1.000000,1.000000,1.000000,1.000000,1.000000,1.000000,1.000000,1.000000,1.000000
"Patient symptoms: Headache, Runnynose.",15,0.200000,1.000000,0.500000,1.000000,1.000000,1.000000,1.000000,1.000000,1.000000,1.000000,1.000000,1.000000,1.000000,1.000000,1.000000,1.000000,1.000000,1.000000,1.000000,1.000000,1.000000,1.000000,1.000000,1.000000,1.000000,1.000000,1.000000
Patient symptoms: Fever.,174,1.000000,1.000000,1.000000,1.000000,1.000000,1.000000,1.000000,1.000000,1.000000,1.000000,1.000000,1.000000,1.000000,1.000000,1.000000,1.000000,1.000000,1.000000,1.000000,1.000000,1.000000,1.000000,1.000000,1.000000,1.000000,1.000000,1.000000
"Patient symptoms: Fever, Runnynose.",18,0.500000,1.000000,1.000000,1.000000,1.000000,1.000000,0.090909,0.500000,0.500000,1.000000,1.000000,1.000000,1.000000,1.000000,1.000000,1.000000,1.000000,0.090909,1.000000,1.000000,1.000000,1.000000,1.000000,0.090909,1.000000,1.000000,0.500000
"Patient symptoms: Cough, Cold.",3,1.000000,0.333333,1.000000,1.000000,1.000000,1.000000,1.000000,1.000000,1.000000,1.000000,1.000000,1.000000,1.000000,1.000000,1.000000,1.000000,1.000000,1.000000,1.000000,1.000000,1.000000,1.000000,1.000000,0.000000,1.000000,0.333333,0.076923
"Patient symptoms: Runnynose, Cold.",76,1.000000,1.000000,1.000000,1.000000,1.000000,1.000000,1.000000,1.000000,1.000000,1.000000,1.000000,1.000000,1.000000,1.000000,1.000000,1.000000,1.000000,1.000000,1.000000,1.000000,1.000000,1.000000,1.000000,1.000000,1.000000,1.000000,0.500000
"Patient symptoms: Cough, Fever, Cold.",6,1.000000,1.000000,1.000000,1.000000,1.000000,1.000000,1.000000,1.000000,1.000000,1.000000,1.000000,1.000000,1.000000,1.000000,1.000000,1.000000,1.000000,1.000000,1.000000,1.000000,1.000000,1.000000,1.000000,1.000000,1.000000,1.000000,1.000000
"Patient symptoms: Headache, Runnynose, Cold.",12,1.000000,0.500000,1.000000,1.000000,1.000000,1.000000,1.000000,1.000000,1.000000,0.500000,0.500000,1.000000,1.000000,1.000000,1.000000,1.000000,1.000000,1.000000,1.000000,1.000000,1.000000,1.000000,1.000000,0.500000,1.000000,1.000000,1.000000
"Patient symptoms: Hayfever, Cough, Runnynose.",2,1.000000,1.000000,1.000000,1.000000,1.000000,1.000000,1.000000,1.000000,1.000000,1.000000,1.000000,1.000000,0.000000,0.200000,0.500000,0.500000,0.500000,1.000000,1.000000,1.000000,0.250000,0.066667,0.500000,0.500000,1.000000,1.000000,0.500000
"Patient symptoms: Cough, Fever, Runnynose.",1,0.000000,0.250000,0.200000,1.000000,1.000000,0.500000,0.090909,0.500000,1.000000,0.500000,0.333333,0.500000,0.000000,0.142857,0.090909,0.083333,0.076923,0.090909,0.500000,0.200000,0.058824,0.000000,0.076923,0.125000,1.000000,1.000000,1.000000
"Patient symptoms: Headache, Fever.",2,1.000000,0.142857,0.500000,0.500000,0.500000,0.500000,0.500000,0.500000,0.500000,0.500000,0.500000,0.500000,1.000000,1.000000,1.000000,1.000000,1.000000,0.500000,1.000000,1.000000,1.000000,1.000000,1.000000,0.500000,0.500000,0.500000,1.000000
"Patient symptoms: Cough, Headache, Cold.",3,0.250000,1.000000,1.000000,1.000000,1.000000,1.000000,0.500000,1.000000,1.000000,1.000000,1.000000,1.000000,1.000000,1.000000,1.000000,1.000000,1.000000,0.500000,1.000000,1.000000,1.000000,1.000000,1.000000,0.500000,1.000000,1.000000,1.000000
"Patient symptoms: Diarrhea, Fever, Runnynose.",6,1.000000,1.000000,1.000000,1.000000,1.000000,1.000000,0.500000,1.000000,1.000000,1.000000,1.000000,1.000000,1.000000,1.000000,1.000000,1.000000,1.000000,0.500000,1.000000,1.000000,1.000000,1.000000,1.000000,1.000000,1.000000,1.000000,1.000000
"Patient symptoms: Headache, Fever, Runnynose.",1,1.000000,1.000000,1.000000,1.000000,1.000000,1.000000,0.500000,1.000000,1.000000,1.000000,1.000000,1.000000,1.000000,1.000000,1.000000,1.000000,1.000000,0.500000,1.000000,1.000000,1.000000,1.000000,1.000000,0.333333,1.000000,1.000000,1.000000
"Patient symptoms: Cough, Headache, Runnynose, Cold.",3,1.000000,1.000000,1.000000,1.000000,1.000000,1.000000,1.000000,1.000000,1.000000,1.000000,1.000000,1.000000,0.500000,1.000000,1.000000,1.000000,1.000000,1.000000,1.000000,1.000000,1.000000,1.000000,1.000000,1.000000,1.000000,1.000000,1.000000
Patient symptoms: Hayfever.,1,0.000000,0.000000,0.000000,0.000000,0.000000,0.000000,0.000000,0.000000,0.000000,0.000000,0.000000,0.000000,0.000000,0.000000,0.000000,0.000000,0.000000,0.000000,0.000000,0.000000,0.000000,0.000000,0.000000,0.052632,0.000000,0.000000,0.000000
"Patient symptoms: Diarrhea, Fever.",6,0.500000,0.166667,0.333333,1.000000,1.000000,1.000000,1.000000,1.000000,1.000000,0.333333,0.333333,1.000000,0.500000,1.000000,1.000000,1.000000,1.000000,1.000000,1.000000,1.000000,1.000000,0.500000,1.000000,0.000000,1.000000,0.500000,1.000000
"Patient symptoms: Hayfever, Runnynose, Cold.",4,1.000000,0.000000,0.333333,1.000000,1.000000,1.000000,1.000000,1.000000,1.000000,0.142857,0.090909,1.000000,0.500000,1.000000,1.000000,1.000000,1.000000,1.000000,1.000000,1.000000,1.000000,1.000000,1.000000,0.500000,0.333333,0.166667,0.500000
"Patient symptoms: Diarrhea, Fever, Cold.",1,0.090909,0.000000,0.000000,0.076923,0.076923,0.083333,1.000000,0.500000,0.333333,0.000000,0.000000,0.090909,1.000000,1.000000,1.000000,1.000000,1.000000,1.000000,1.000000,1.000000,1.000000,1.000000,1.000000,0.058824,0.100000,0.050000,1.000000
"Patient symptoms: Headache, Fever, Cold.",2,0.166667,1.000000,1.000000,1.000000,1.000000,1.000000,1.000000,1.000000,1.000000,1.000000,1.000000,1.000000,1.000000,1.000000,1.000000,1.000000,1.000000,1.000000,1.000000,1.000000,1.000000,1.000000,1.000000,0.333333,1.000000,1.000000,1.000000
"Patient symptoms: Fever, Runnynose, Cold.",1,1.000000,0.166667,0.500000,0.500000,0.500000,1.000000,1.000000,1.000000,1.000000,0.333333,0.200000,1.000000,0.333333,1.000000,1.000000,0.500000,1.000000,1.000000,1.000000,1.000000,0.500000,0.500000,1.000000,0.058824,1.000000,0.500000,1.000000
"Patient symptoms: Influenza, Cough, Fever.",1,0.000000,0.000000,0.000000,0.071429,0.083333,0.100000,0.000000,0.052632,0.062500,0.062500,0.055556,0.083333,0.333333,0.066667,0.500000,0.500000,1.000000,0.000000,1.000000,1.000000,0.500000,0.333333,0.500000,0.000000,1.000000,0.200000,1.000000
"Patient symptoms: Diarrhea, Runnynose.",1,0.000000,0.166667,0.000000,0.166667,0.166667,0.142857,0.000000,0.125000,0.142857,0.166667,0.166667,0.200000,0.500000,0.071429,0.500000,0.500000,0.500000,0.000000,0.500000,0.500000,0.500000,0.500000,0.500000,0.166667,0.250000,0.250000,0.333333
"Patient symptoms: Diarrhea, Fever, Runnynose, Cold.",1,0.000000,0.000000,0.000000,0.166667,0.125000,0.142857,1.000000,0.500000,0.333333,0.062500,0.000000,0.125000,0.500000,0.100000,1.000000,1.000000,1.000000,1.000000,1.000000,1.000000,1.000000,0.500000,1.000000,0.058824,0.166667,0.062500,1.000000
"Patient symptoms: Hayfever, Cough, Fever, Runnynose, Cold.",1,0.000000,0.000000,0.000000,0.058824,0.052632,0.055556,1.000000,0.166667,0.090909,0.000000,0.000000,0.058824,0.000000,0.066667,0.200000,0.166667,0.166667,1.000000,1.000000,0.500000,0.125000,0.062500,0.166667,0.000000,0.111111,0.000000,1.000000
"Patient symptoms: Cough, Headache, Runnynose.",1,0.000000,0.000000,0.000000,0.250000,0.250000,0.250000,0.500000,0.250000,0.250000,0.166667,0.066667,0.250000,0.000000,0.000000,0.083333,0.083333,0.083333,0.500000,0.250000,0.142857,0.058824,0.000000,0.083333,0.090909,0.250000,0.090909,0.250000
